{
  "globalMetrics": {
    "simElapsedHours": 24,
    "globalThroughput": 0.11033679927539607,
    "forecastThroughput": 0.11033679927539607,
    "totalCompletedOutputPieces": 2.6480831826095055,
    "totalWipQty": 22.919652013076874,
    "worstCaseTouchTime": 2340,
    "totalLeadTimeMinutes": 19430.456334237835,
    "leadTimeDeltaMinutes": -79518.74886576216,
    "waitSharePct": 0.7164010850055013,
    "leadTimeTopContributor": "QC Testing / Release Hold",
    "throughputDelta": 0.031746031746031744,
    "bottleneckMigration": "Polishing Chromatography -> UF/DF Concentration & Diafiltration (low confidence)",
    "bottleneckIndex": 0.9714053699373331,
    "brittleness": 0.7270133078502494
  },
  "nodeMetrics": {
    "raw_material_staging_weighing": {
      "utilization": 0.6594521043434957,
      "headroom": 0.34054789565650434,
      "queueRisk": 1,
      "queueDepth": 4.618519596604806,
      "wipQty": 5.503046148271742,
      "completedQty": 12.661480403395117,
      "idleWaitHours": 7.890542123049285,
      "idleWaitPct": 0.32877258846038687,
      "leadTimeMinutes": 976.3889697453604,
      "capacityPerHour": 0.8,
      "bottleneckIndex": 0.7786438678232721,
      "bottleneckFlag": false,
      "status": "risk"
    },
    "buffer_media_preparation": {
      "utilization": 0.7761736844548132,
      "headroom": 0.22382631554518684,
      "queueRisk": 1,
      "queueDepth": 3.342678714995163,
      "wipQty": 4.465167716203641,
      "completedQty": 9.314084213457757,
      "idleWaitHours": 5.358498239750567,
      "idleWaitPct": 0.22327075998960697,
      "leadTimeMinutes": 1361.1214457994197,
      "capacityPerHour": 0.5,
      "bottleneckIndex": 0.8545128948956285,
      "bottleneckFlag": false,
      "status": "critical"
    },
    "upstream_batch_transfer_to_purification": {
      "utilization": 0.5567101927536245,
      "headroom": 0.44328980724637546,
      "queueRisk": 1,
      "queueDepth": 2.6298202704102205,
      "wipQty": 3.0367291650620194,
      "completedQty": 6.680522313043494,
      "idleWaitHours": 10.61227391302992,
      "idleWaitPct": 0.44217807970958,
      "leadTimeMinutes": 1035.5784324492265,
      "capacityPerHour": 0.5,
      "bottleneckIndex": 0.711861625289856,
      "bottleneckFlag": false,
      "status": "risk"
    },
    "primary_capture_chromatography": {
      "utilization": 0.9560082614420509,
      "headroom": 0.043991738557949134,
      "queueRisk": 1,
      "queueDepth": 1.579098859388207,
      "wipQty": 3.2513583991105888,
      "completedQty": 5.098710727690937,
      "idleWaitHours": 1.015801725390217,
      "idleWaitPct": 0.04232507189125904,
      "leadTimeMinutes": 2406.3566920348158,
      "capacityPerHour": 0.2222222222222222,
      "bottleneckIndex": 0.9714053699373331,
      "bottleneckFlag": true,
      "status": "critical"
    },
    "intermediate_purification_step": {
      "utilization": 0.7146437893487615,
      "headroom": 0.2853562106512385,
      "queueRisk": 0.5225130543185281,
      "queueDepth": 0.5225130543185281,
      "wipQty": 1.5753342500029583,
      "completedQty": 4.573720251832073,
      "idleWaitHours": 5.318071260940018,
      "idleWaitPct": 0.22158630253916742,
      "leadTimeMinutes": 1767.5654372216688,
      "capacityPerHour": 0.26666666666666666,
      "bottleneckIndex": 0.6473980320881798,
      "bottleneckFlag": false,
      "status": "risk"
    },
    "viral_inactivation_hold": {
      "utilization": 0.6207095698359886,
      "headroom": 0.3792904301640114,
      "queueRisk": 1,
      "queueDepth": 1.2613975305811278,
      "wipQty": 1.7701929014570057,
      "completedQty": 3.310451039125272,
      "idleWaitHours": 9.036291327608458,
      "idleWaitPct": 0.37651213865035243,
      "leadTimeMinutes": 1570.5773332569045,
      "capacityPerHour": 0.2222222222222222,
      "bottleneckIndex": 0.7534612203933926,
      "bottleneckFlag": false,
      "status": "risk"
    },
    "polishing_chromatography": {
      "utilization": 0.9958065727804019,
      "headroom": 0.004193427219598145,
      "queueRisk": 0.6534593032045158,
      "queueDepth": 0.6534593032045158,
      "wipQty": 1.6525958518661663,
      "completedQty": 2.6554841940810716,
      "idleWaitHours": 0.020642253269451113,
      "idleWaitPct": 0.0008600938862271297,
      "leadTimeMinutes": 2572.868023730439,
      "capacityPerHour": 0.1111111111111111,
      "bottleneckIndex": 0.8759850284288417,
      "bottleneckFlag": false,
      "status": "critical"
    },
    "uf_df_concentration_diafiltration": {
      "utilization": 0.7740844976044712,
      "headroom": 0.22591550239552882,
      "queueRisk": 0,
      "queueDepth": 0,
      "wipQty": 0.777106204514617,
      "completedQty": 2.6540039917867584,
      "idleWaitHours": 0,
      "idleWaitPct": 0,
      "leadTimeMinutes": 1500,
      "capacityPerHour": 0.14285714285714285,
      "bottleneckIndex": 0.5031549234429062,
      "bottleneckFlag": false,
      "status": "healthy"
    },
    "bulk_fill_collection": {
      "utilization": 0.3315654736865557,
      "headroom": 0.6684345263134444,
      "queueRisk": 0,
      "queueDepth": 0,
      "wipQty": 0.3330455162205501,
      "completedQty": 2.652523789492445,
      "idleWaitHours": 0,
      "idleWaitPct": 0,
      "leadTimeMinutes": 900,
      "capacityPerHour": 0.3333333333333333,
      "bottleneckIndex": 0.2155175578962612,
      "bottleneckFlag": false,
      "status": "healthy"
    },
    "sample_submission_to_qc": {
      "utilization": 0.055230074733294415,
      "headroom": 0.9447699252667056,
      "queueRisk": 0,
      "queueDepth": 0,
      "wipQty": 0.05550758603675836,
      "completedQty": 2.651043587198132,
      "idleWaitHours": 0,
      "idleWaitPct": 0,
      "leadTimeMinutes": 270,
      "capacityPerHour": 2,
      "bottleneckIndex": 0.03589954857664137,
      "bottleneckFlag": false,
      "status": "healthy"
    },
    "qc_testing_release_hold": {
      "utilization": 0.33119542311297734,
      "headroom": 0.6688045768870227,
      "queueRisk": 0,
      "queueDepth": 0,
      "wipQty": 0.3330455162205501,
      "completedQty": 2.6495633849038187,
      "idleWaitHours": 0,
      "idleWaitPct": 0,
      "leadTimeMinutes": 4500,
      "capacityPerHour": 0.3333333333333333,
      "bottleneckIndex": 0.21527702502343526,
      "bottleneckFlag": false,
      "status": "healthy"
    },
    "final_bulk_release_to_packaging_cold_storage": {
      "utilization": 0.16550519891309412,
      "headroom": 0.8344948010869059,
      "queueRisk": 0,
      "queueDepth": 0,
      "wipQty": 0.16652275811027506,
      "completedQty": 2.6480831826095055,
      "idleWaitHours": 0,
      "idleWaitPct": 0,
      "leadTimeMinutes": 570,
      "capacityPerHour": 0.6666666666666666,
      "bottleneckIndex": 0.10757837929351118,
      "bottleneckFlag": false,
      "status": "healthy"
    }
  }
}
