{
  "globalMetrics": {
    "simElapsedHours": 24,
    "globalThroughput": 2.3218542136676477,
    "forecastThroughput": 2.3218542136676477,
    "totalCompletedOutputPieces": 55.72450112802355,
    "totalWipQty": 268.2754988719821,
    "worstCaseTouchTime": 45.5,
    "totalLeadTimeMinutes": 3884.540237801189,
    "leadTimeDeltaMinutes": 2911.645537801189,
    "waitSharePct": 0.08881359926272364,
    "leadTimeTopContributor": "Frame Kit Prep",
    "throughputDelta": 0.8728652751423152,
    "bottleneckMigration": "Brake and Gear Adjustment -> Drivetrain Assembly (low confidence)",
    "bottleneckIndex": 0.9964800773430307,
    "brittleness": 0.7184004900066172
  },
  "nodeMetrics": {
    "frame_kit_prep": {
      "utilization": 0.8775655114878906,
      "headroom": 0.12243448851210936,
      "queueRisk": 1,
      "queueDepth": 218.692138621459,
      "wipQty": 218.692138621459,
      "completedQty": 105.30786137854687,
      "idleWaitHours": 0.4608544062911965,
      "idleWaitPct": 0.05760680078639956,
      "leadTimeMinutes": 2648.305663457508,
      "capacityPerHour": 5,
      "bottleneckIndex": 0.9204175824671289,
      "bottleneckFlag": false,
      "status": "critical"
    },
    "wheel_assembly": {
      "utilization": 0.716429365009163,
      "headroom": 0.283570634990837,
      "queueRisk": 1,
      "queueDepth": 13.604902657373868,
      "wipQty": 13.604902657373868,
      "completedQty": 91.70295872117286,
      "idleWaitHours": 1.9918397658952376,
      "idleWaitPct": 0.2489799707369047,
      "leadTimeMinutes": 205.55515489545604,
      "capacityPerHour": 5.333333333333333,
      "bottleneckIndex": 0.815679087255956,
      "bottleneckFlag": false,
      "status": "risk"
    },
    "drivetrain_assembly": {
      "utilization": 0.9945847343738934,
      "headroom": 0.0054152656261066134,
      "queueRisk": 1,
      "queueDepth": 14.70285025351651,
      "wipQty": 14.70285025351651,
      "completedQty": 77.00010846765626,
      "idleWaitHours": 0.016655458342250302,
      "idleWaitPct": 0.002081932292781288,
      "leadTimeMinutes": 314.6730147154071,
      "capacityPerHour": 3.225806451612903,
      "bottleneckIndex": 0.9964800773430307,
      "bottleneckFlag": true,
      "status": "critical"
    },
    "frame_sub_assembly": {
      "utilization": 0.6245796878343927,
      "headroom": 0.37542031216560734,
      "queueRisk": 0.04184773861258469,
      "queueDepth": 0.12876227265410672,
      "wipQty": 0.12876227265410672,
      "completedQty": 76.87134619500216,
      "idleWaitHours": 0,
      "idleWaitPct": 0,
      "leadTimeMinutes": 59.306518590053045,
      "capacityPerHour": 5.128205128205128,
      "bottleneckIndex": 0.4206235056067599,
      "bottleneckFlag": false,
      "status": "healthy"
    },
    "final_mechanical_assembly": {
      "utilization": 0.7494942861899685,
      "headroom": 0.2505057138100315,
      "queueRisk": 1,
      "queueDepth": 11.460935763877742,
      "wipQty": 11.460935763877742,
      "completedQty": 65.41041043112452,
      "idleWaitHours": 1.797260351777721,
      "idleWaitPct": 0.22465754397221513,
      "leadTimeMinutes": 280.1054401039828,
      "capacityPerHour": 3.636363636363636,
      "bottleneckIndex": 0.8371712860234795,
      "bottleneckFlag": false,
      "status": "critical"
    },
    "brake_and_gear_adjustment": {
      "utilization": 0.9901161535730416,
      "headroom": 0.009883846426958387,
      "queueRisk": 1,
      "queueDepth": 9.497968817587909,
      "wipQty": 9.497968817587909,
      "completedQty": 55.912441613536465,
      "idleWaitHours": 0.01240410474906212,
      "idleWaitPct": 0.001550513093632765,
      "leadTimeMinutes": 310.69820484849174,
      "capacityPerHour": 2.352941176470588,
      "bottleneckIndex": 0.9935754998224771,
      "bottleneckFlag": false,
      "status": "critical"
    },
    "inspection_and_touch_up": {
      "utilization": 0.46515392808983347,
      "headroom": 0.5348460719101665,
      "queueRisk": 0.03132341425215212,
      "queueDepth": 0.09397024275645637,
      "wipQty": 0.09397024275645637,
      "completedQty": 55.81847137078001,
      "idleWaitHours": 0,
      "idleWaitPct": 0,
      "leadTimeMinutes": 35.12764291307748,
      "capacityPerHour": 5,
      "bottleneckIndex": 0.313313248246645,
      "bottleneckFlag": false,
      "status": "healthy"
    },
    "packaging_and_staging": {
      "utilization": 0.5224171980752207,
      "headroom": 0.4775828019247793,
      "queueRisk": 0.03523884103367349,
      "queueDepth": 0.09397024275646262,
      "wipQty": 0.09397024275646262,
      "completedQty": 55.72450112802355,
      "idleWaitHours": 0,
      "idleWaitPct": 0,
      "leadTimeMinutes": 30.768598277212245,
      "capacityPerHour": 4.444444444444445,
      "bottleneckIndex": 0.3519047731106792,
      "bottleneckFlag": false,
      "status": "healthy"
    }
  }
}
