{
  "globalMetrics": {
    "simElapsedHours": 24,
    "forecastThroughput": 1.6129032258064548,
    "steadyStateThroughput": 1.6129032258064515,
    "throughputState": "steady-state",
    "warmupHours": 0.7433333333333333,
    "totalCompletedOutputPieces": 38.70967741935492,
    "totalWipQty": 501.2903225806569,
    "worstCaseTouchTime": 41,
    "totalLeadTimeMinutes": 4128.617483185436,
    "leadTimeDeltaMinutes": -7434.418816814564,
    "waitSharePct": 0.07653893858827292,
    "leadTimeTopContributor": "Housing Kit Prep",
    "throughputDelta": 0.659824046920821,
    "bottleneckMigration": "Final Drill Assembly -> Functional Test (low confidence)",
    "bottleneckIndex": 1,
    "brittleness": 0.6367673010731947,
    "littleLawResidualPct": 3.516766224032101,
    "globalThroughput": 1.6129032258064548
  },
  "nodeMetrics": {
    "housing_kit_prep": {
      "utilization": 0.3244058285490384,
      "headroom": 0.6755941714509617,
      "queueRisk": 0.3244058285490384,
      "queueDepth": 475.1188342902045,
      "wipQty": 475.1188342902045,
      "processedQty": 64.88116570980766,
      "completedQty": 0,
      "idleWaitHours": 5.390434506263415,
      "idleWaitPct": 0.6738043132829269,
      "leadTimeMinutes": 3438.2556068894733,
      "capacityPerHour": 8.333333333333332,
      "bottleneckIndex": 0.3244058285490384,
      "bottleneckFlag": false,
      "status": "healthy"
    },
    "motor_assembly": {
      "utilization": 0.5411359919634433,
      "headroom": 0.4588640080365567,
      "queueRisk": 0.5411359919634433,
      "queueDepth": 7.159993233707043,
      "wipQty": 7.159993233707043,
      "processedQty": 57.72117247610062,
      "completedQty": 0,
      "idleWaitHours": 3.670912064292534,
      "idleWaitPct": 0.45886400803656674,
      "leadTimeMinutes": 129.1599086550451,
      "capacityPerHour": 4.444444444444445,
      "bottleneckIndex": 0.5411359919634433,
      "bottleneckFlag": false,
      "status": "healthy"
    },
    "gearbox_assembly": {
      "utilization": 0.283714877309508,
      "headroom": 0.716285122690492,
      "queueRisk": 0.283714877309508,
      "queueDepth": 9.084336365899144,
      "wipQty": 9.084336365899144,
      "processedQty": 48.63683611020137,
      "completedQty": 0,
      "idleWaitHours": 5.438818918475575,
      "idleWaitPct": 0.6798523648094469,
      "leadTimeMinutes": 116.9084254735528,
      "capacityPerHour": 7.142857142857143,
      "bottleneckIndex": 0.283714877309508,
      "bottleneckFlag": false,
      "status": "healthy"
    },
    "battery_pack_prep": {
      "utilization": 0.34079084287201483,
      "headroom": 0.6592091571279852,
      "queueRisk": 0.34079084287201483,
      "queueDepth": 7.741934965560013,
      "wipQty": 7.741934965560013,
      "processedQty": 40.89490114464178,
      "completedQty": 0,
      "idleWaitHours": 5.265126583476488,
      "idleWaitPct": 0.658140822934561,
      "leadTimeMinutes": 121.90321958672016,
      "capacityPerHour": 5,
      "bottleneckIndex": 0.34079084287201483,
      "bottleneckFlag": false,
      "status": "healthy"
    },
    "final_drill_assembly": {
      "utilization": 1.000000000000002,
      "headroom": 0,
      "queueRisk": 1,
      "queueDepth": 2.185223725286154,
      "wipQty": 2.185223725286154,
      "processedQty": 38.70967741935492,
      "completedQty": 0,
      "idleWaitHours": 0,
      "idleWaitPct": 0,
      "leadTimeMinutes": 188.69032258064493,
      "capacityPerHour": 1.6129032258064515,
      "bottleneckIndex": 1,
      "bottleneckFlag": true,
      "status": "critical"
    },
    "functional_test": {
      "utilization": 0.7096774193548402,
      "headroom": 0.2903225806451598,
      "queueRisk": 0.7096774193548402,
      "queueDepth": 0,
      "wipQty": 0,
      "processedQty": 38.70967741935492,
      "completedQty": 0,
      "idleWaitHours": 0,
      "idleWaitPct": 0,
      "leadTimeMinutes": 78.8,
      "capacityPerHour": 2.2727272727272725,
      "bottleneckIndex": 0.7096774193548402,
      "bottleneckFlag": false,
      "status": "risk"
    },
    "cosmetic_inspection_and_rework": {
      "utilization": 0.322580645161291,
      "headroom": 0.6774193548387091,
      "queueRisk": 0.322580645161291,
      "queueDepth": 0,
      "wipQty": 0,
      "processedQty": 38.70967741935492,
      "completedQty": 0,
      "idleWaitHours": 0,
      "idleWaitPct": 0,
      "leadTimeMinutes": 34,
      "capacityPerHour": 5,
      "bottleneckIndex": 0.322580645161291,
      "bottleneckFlag": false,
      "status": "healthy"
    },
    "packaging_and_palletizing": {
      "utilization": 0.23387096774193597,
      "headroom": 0.7661290322580641,
      "queueRisk": 0.23387096774193597,
      "queueDepth": 0,
      "wipQty": 0,
      "processedQty": 38.70967741935492,
      "completedQty": 38.70967741935492,
      "idleWaitHours": 0,
      "idleWaitPct": 0,
      "leadTimeMinutes": 20.9,
      "capacityPerHour": 6.896551724137931,
      "bottleneckIndex": 0.23387096774193597,
      "bottleneckFlag": false,
      "status": "healthy"
    }
  },
  "warnings": []
}
