{
  "globalMetrics": {
    "simElapsedHours": 24,
    "globalThroughput": 2.6001938428660307,
    "forecastThroughput": 2.6001938428660307,
    "totalCompletedOutputPieces": 62.404652228784734,
    "totalWipQty": 459.9095916422683,
    "worstCaseTouchTime": 88,
    "totalLeadTimeMinutes": 2592.1766863125395,
    "leadTimeDeltaMinutes": -1315.5826136874607,
    "waitSharePct": 0.07522635360068539,
    "leadTimeTopContributor": "RN review and patient clinical prep",
    "throughputDelta": 0.11857707509881399,
    "bottleneckMigration": "Education and paperwork completion -> Discharge clearance and med processing (low confidence)",
    "bottleneckIndex": 0.9824158801952078,
    "brittleness": 0.7548966293036325
  },
  "nodeMetrics": {
    "stage_a": {
      "utilization": 0.32566189228137266,
      "headroom": 0.6743381077186273,
      "queueRisk": 1,
      "queueDepth": 330.81875004593525,
      "wipQty": 331.31875004593525,
      "completedQty": 187.58124995407064,
      "idleWaitHours": 16.130354951313354,
      "idleWaitPct": 0.6720981229713897,
      "leadTimeMinutes": 852.0468751148381,
      "capacityPerHour": 24,
      "bottleneckIndex": 0.5616802299828922,
      "bottleneckFlag": false,
      "status": "healthy"
    },
    "stage_b": {
      "utilization": 0.5682454130297312,
      "headroom": 0.4317545869702688,
      "queueRisk": 1,
      "queueDepth": 105.67391047779239,
      "wipQty": 106.56518317621325,
      "completedQty": 81.8273394762813,
      "idleWaitHours": 10.348776753952489,
      "idleWaitPct": 0.431199031414687,
      "leadTimeMinutes": 1111.7391047779238,
      "capacityPerHour": 6,
      "bottleneckIndex": 0.7193595184693253,
      "bottleneckFlag": false,
      "status": "risk"
    },
    "stage_c": {
      "utilization": 0.9729475079926273,
      "headroom": 0.027052492007372697,
      "queueRisk": 1,
      "queueDepth": 18.107851681554465,
      "wipQty": 19.069216149417297,
      "completedQty": 63.68383688679015,
      "idleWaitHours": 0.6225931415096884,
      "idleWaitPct": 0.025941380896237015,
      "leadTimeMinutes": 480.37273699419825,
      "capacityPerHour": 2.727272727272727,
      "bottleneckIndex": 0.9824158801952078,
      "bottleneckFlag": true,
      "status": "critical"
    },
    "stage_d": {
      "utilization": 0.9978515477002866,
      "headroom": 0.002148452299713388,
      "queueRisk": 0.7504991507105337,
      "queueDepth": 1.1746943228512703,
      "wipQty": 2.1742114643288177,
      "completedQty": 62.47418385601795,
      "idleWaitHours": 0.011562855193037094,
      "idleWaitPct": 0.00048178563304321223,
      "leadTimeMinutes": 75.01796942557922,
      "capacityPerHour": 2.608695652173913,
      "bottleneckIndex": 0.9112782087538731,
      "bottleneckFlag": false,
      "status": "critical"
    },
    "stage_e": {
      "utilization": 0.43360706973889823,
      "headroom": 0.5663929302611017,
      "queueRisk": 0,
      "queueDepth": 0,
      "wipQty": 0.4345726702076292,
      "completedQty": 62.43941804240134,
      "idleWaitHours": 0,
      "idleWaitPct": 0,
      "leadTimeMinutes": 40,
      "capacityPerHour": 6,
      "bottleneckIndex": 0.2818445953302839,
      "bottleneckFlag": false,
      "status": "healthy"
    },
    "stage_f": {
      "utilization": 0.17334625619106872,
      "headroom": 0.8266537438089313,
      "queueRisk": 0,
      "queueDepth": 0,
      "wipQty": 0.34765813616610336,
      "completedQty": 62.404652228784734,
      "idleWaitHours": 0,
      "idleWaitPct": 0,
      "leadTimeMinutes": 33,
      "capacityPerHour": 15,
      "bottleneckIndex": 0.11267506652419468,
      "bottleneckFlag": false,
      "status": "healthy"
    }
  }
}
