{
  "globalMetrics": {
    "simElapsedHours": 168,
    "forecastThroughput": 1.6129032258064773,
    "steadyStateThroughput": 1.6129032258064515,
    "throughputState": "steady-state",
    "warmupHours": 0.7433333333333333,
    "totalCompletedOutputPieces": 270.96774193548816,
    "totalWipQty": 3509.0322580644006,
    "worstCaseTouchTime": 41,
    "totalLeadTimeMinutes": 25784.43320945361,
    "leadTimeDeltaMinutes": 14221.396909453611,
    "waitSharePct": 0.012255456516458995,
    "leadTimeTopContributor": "Housing Kit Prep",
    "throughputDelta": 0.659824046920821,
    "bottleneckMigration": "Final Drill Assembly -> Functional Test (low confidence)",
    "bottleneckIndex": 1,
    "brittleness": 0.6296653320731842,
    "littleLawResidualPct": 4.062589467824092,
    "globalThroughput": 1.6129032258064773
  },
  "nodeMetrics": {
    "housing_kit_prep": {
      "utilization": 0.2122605302960596,
      "headroom": 0.7877394697039404,
      "queueRisk": 0.2122605302960596,
      "queueDepth": 3482.8352575854024,
      "wipQty": 3482.8352575854024,
      "processedQty": 297.1647424144834,
      "completedQty": 0,
      "idleWaitHours": 44.085850800085964,
      "idleWaitPct": 0.7872473357158208,
      "leadTimeMinutes": 25093.813854614902,
      "capacityPerHour": 8.333333333333332,
      "bottleneckIndex": 0.2122605302960596,
      "bottleneckFlag": false,
      "status": "healthy"
    },
    "motor_assembly": {
      "utilization": 0.38838787986578854,
      "headroom": 0.6116121201342115,
      "queueRisk": 0.38838787986578854,
      "queueDepth": 7.168458781362005,
      "wipQty": 7.168458781362005,
      "processedQty": 289.9962836331221,
      "completedQty": 0,
      "idleWaitHours": 34.25027872751602,
      "idleWaitPct": 0.6116121201342146,
      "leadTimeMinutes": 129.27419354838707,
      "capacityPerHour": 4.444444444444445,
      "bottleneckIndex": 0.38838787986578854,
      "bottleneckFlag": false,
      "status": "healthy"
    },
    "gearbox_assembly": {
      "utilization": 0.23407908428720414,
      "headroom": 0.7659209157127959,
      "queueRisk": 0.23407908428720414,
      "queueDepth": 9.101382488479262,
      "wipQty": 9.101382488479262,
      "processedQty": 280.89490114464496,
      "completedQty": 0,
      "idleWaitHours": 42.53386793232027,
      "idleWaitPct": 0.7595333559342905,
      "leadTimeMinutes": 117.05161290322579,
      "capacityPerHour": 7.142857142857143,
      "bottleneckIndex": 0.23407908428720414,
      "bottleneckFlag": false,
      "status": "healthy"
    },
    "battery_pack_prep": {
      "utilization": 0.32518210197711217,
      "headroom": 0.6748178980228878,
      "queueRisk": 0.32518210197711217,
      "queueDepth": 7.741935483870968,
      "wipQty": 7.741935483870968,
      "processedQty": 273.1529656607742,
      "completedQty": 0,
      "idleWaitHours": 37.770632659652314,
      "idleWaitPct": 0.674475583208077,
      "leadTimeMinutes": 121.90322580645162,
      "capacityPerHour": 5,
      "bottleneckIndex": 0.32518210197711217,
      "bottleneckFlag": false,
      "status": "healthy"
    },
    "final_drill_assembly": {
      "utilization": 1.000000000000016,
      "headroom": 0,
      "queueRisk": 1,
      "queueDepth": 2.1852237252861597,
      "wipQty": 2.1852237252861597,
      "processedQty": 270.96774193548816,
      "completedQty": 0,
      "idleWaitHours": 0,
      "idleWaitPct": 0,
      "leadTimeMinutes": 188.69032258064516,
      "capacityPerHour": 1.6129032258064515,
      "bottleneckIndex": 1,
      "bottleneckFlag": true,
      "status": "critical"
    },
    "functional_test": {
      "utilization": 0.7096774193548501,
      "headroom": 0.29032258064514993,
      "queueRisk": 0.7096774193548501,
      "queueDepth": 0,
      "wipQty": 0,
      "processedQty": 270.96774193548816,
      "completedQty": 0,
      "idleWaitHours": 0,
      "idleWaitPct": 0,
      "leadTimeMinutes": 78.8,
      "capacityPerHour": 2.2727272727272725,
      "bottleneckIndex": 0.7096774193548501,
      "bottleneckFlag": false,
      "status": "risk"
    },
    "cosmetic_inspection_and_rework": {
      "utilization": 0.3225806451612955,
      "headroom": 0.6774193548387045,
      "queueRisk": 0.3225806451612955,
      "queueDepth": 0,
      "wipQty": 0,
      "processedQty": 270.96774193548816,
      "completedQty": 0,
      "idleWaitHours": 0,
      "idleWaitPct": 0,
      "leadTimeMinutes": 34,
      "capacityPerHour": 5,
      "bottleneckIndex": 0.3225806451612955,
      "bottleneckFlag": false,
      "status": "healthy"
    },
    "packaging_and_palletizing": {
      "utilization": 0.23387096774193922,
      "headroom": 0.7661290322580607,
      "queueRisk": 0.23387096774193922,
      "queueDepth": 0,
      "wipQty": 0,
      "processedQty": 270.96774193548816,
      "completedQty": 270.96774193548816,
      "idleWaitHours": 0,
      "idleWaitPct": 0,
      "leadTimeMinutes": 20.9,
      "capacityPerHour": 6.896551724137931,
      "bottleneckIndex": 0.23387096774193922,
      "bottleneckFlag": false,
      "status": "healthy"
    }
  },
  "warnings": []
}
